{
  "cage": {
    "origin": [
      0.0,
      0.0,
      0.0
    ],
    "width": 400.0,
    "depth": 300.0,
    "height": 200.0
  },
  "cameras": [
    {
      "name": "cam1_top",
      "width": 960,
      "height": 720,
      "fx": 831.3843876330611,
      "fy": 831.3843876330611,
      "cx": 480.0,
      "cy": 360.0,
      "R": [
        [
          0.999999999999,
          -0.0,
          0.0
        ],
        [
          -0.0,
          -0.999999999999,
          -0.0
        ],
        [
          0.0,
          0.0,
          -0.9999999999999981
        ]
      ],
      "t": [
        -199.9999999998,
        149.99999999985,
        638.5164817134493
      ],
      "pos_world": [
        200.0,
        150.0,
        638.5164817134505
      ]
    },
    {
      "name": "cam2_front",
      "width": 960,
      "height": 720,
      "fx": 831.3843876330611,
      "fy": 831.3843876330611,
      "cx": 480.0,
      "cy": 360.0,
      "R": [
        [
          0.9999999999989957,
          -0.0,
          0.0
        ],
        [
          -0.0,
          -0.09245003253390431,
          -0.9957173250890436
        ],
        [
          0.0,
          0.9957173250900373,
          -0.09245003253399657
        ]
      ],
      "t": [
        -199.99999999979914,
        113.43923738899001,
        400.7200968052088
      ],
      "pos_world": [
        200.0,
        -388.5164817134505,
        150.0
      ]
    },
    {
      "name": "cam3_side",
      "width": 960,
      "height": 720,
      "fx": 831.3843876330611,
      "fy": 831.3843876330611,
      "cx": 480.0,
      "cy": 360.0,
      "R": [
        [
          0.0,
          -0.9999999999989957,
          0.0
        ],
        [
          -0.09245003253390431,
          -0.0,
          -0.9957173250890436
        ],
        [
          0.9957173250900373,
          0.0,
          -0.09245003253399657
        ]
      ],
      "t": [
        149.99999999984936,
        118.06173901568522,
        350.93423055070696
      ],
      "pos_world": [
        -338.5164817134505,
        150.0,
        150.0
      ]
    }
  ]
}